[ 
    {"name":"How many hours before departure, I can cancel my ticket?"},
    {"name":"How many days will it take to get the refund after cancelling the ticket?"},
    {"name":"What should I do as my refund is delayed?"},
    {"name":"How much refund will I get after cancelling my ticket?"},
    {"name":"Do I need to submit any document to get refund?"},
    {"name":"What are the conditions to  book single lady seat?"},
    {"name":"How much is the concession for the Senior Citizen?"},
    {"name":"What are the conditions of getting concession for Senior Citizen?"}
]