{
  "StatusCode": "200",
  "results": [
    {
      "Answer": [
        "E-Tickets (Reservations) can be cancelled only through Internet till Chart preparation of the train and it is not allowed at face to face Railway Counters. If the user wishes to cancel his e-Ticket, he can do so till the time of chart preparation for the train through the Internet. He can log on to www.services.irctc.co.in and go to Booked Tickets link and select the ticket to be cancelled and can initiate the cancellation by selecting the passengers to be cancelled. Cancellation would b e confirmed online and the refund would be credited back to the account used for booking as for normal Internet tickets. If there is any partial cancellation of ticket please ensure that the modified ticket (Electronic Reservation Slip) is printed separately as for the original ticket.",
        "Yes. Please send an e-mail to <a href='mailto:service.irctc@icicibank.com'>service.irctc@icicibank.com</a> with the required details up to 3 hours from the train departure time. Any request sent post 3 hour of the train departure time will not be considered as a valid request and no refund will be processed as per IRCTC guidelines."
      ],
      "Question": [
        "E-Ticket: How can I cancel e-ticket and how will I get refund?",
        "I missed my train. Will I get a refund for no show?"
      ],
      "dist": [
        0.3098214658059505,
        0.4021198392458085
      ]
    }
  ]
}