[ 
    {"name": "What are the advantages of travelling in VRL Travels?"}, 
    {"name": "What are the benefits of booking tickets through VRL website ?"},
    {"name": "Do I need to register to use VRL website ?"},
    {"name":"Does booking online cost me more?"},
    {"name":"Is it mandatory to take a printout of the ticket?"},
    {"name":"What is an mTicket?"},
    {"name":"I did not receive my mTicket. Can you re-send it?"},
    {"name":"I entered the wrong mobile number while booking. Can I get my mTicket on a different number?"},
    {"name":"Can I get soft copy ticket after journey for office claim?"},
    {"name":"Why are different seats priced differently in the same bus?"},
    {"name":"Why is it mandatory to provide my mobile number during booking the ticket(s)?"},
    {"name":"I have not received the tickets to my email id, what do I do?"},
    {"name":"Is it mandatory to carry the required identity proofs along with the e-ticket?"},
    {"name":"I have placed a journey details. How much time will it take to hear from you now?"},
    {"name":"How many days prior your schedule will be updated for post date journey?"},
    {"name":"Do you have separate seats for Ladies passenger?"},
    {"name":"Do you have half ticket charges for childrens?"},
    {"name":"Can the ticket be transferred to another passenger?"},
    {"name":"Do you have phone booking?"},
    {"name":"What happens when my schedule or service is cancelled?"},
    {"name":"How fast should I complete the online payment?"},
    {"name":"Does the owner of the credit card with which the ticket is purchased need to be one of the passengers?"},
    {"name":"What are the payment options available?"},
    {"name":"I don't have a credit card. Can I still buy a bus ticket?"},
    {"name":"How does the transaction appear on my card or account statement?"},
    {"name":"Is it safe to use my credit card on this site?"},
    {"name":"Whom to contact when my transaction is pending?"},
    {"name":"What Payment types do you accept ?"},
    {"name":"Can I cancel my ticket online?"},
    {"name":"How can I cancel my bus ticket online?"},
    {"name":"How to cancel the ticket when not registered?"},
    {"name":"How to do partial cancellation ?"},
    {"name":"I missed the bus. Do I get a refund?"},
    {"name":"How can I get a refund in case I cancel my ticket?"},
    {"name":"How do I get refund for cancellation of ticket done through online?"},
    {"name":"In case of Bus breakdown will I get refund?"},
    {"name":"How does your boarding process work?"},
    {"name":"What are discount offers?"},
    {"name":"What are the rules on Luggage?"}
   ]