[ 
    {"name": "Can you help in travel, flight, train, hotel, meal booking?"}, 
    {"name": "My booking failed due to some error. Would your customer support help me book the ticket?"}, 
    {"name": "Cancel"}, 
    {"name": "How do I apply for student concession?"}, 
    {"name": "What are the various classes of travel and their codes?"},
    {"name": "What are the various classes of travel and their codes?"},
    {"name": "I am more than 60 years of age. Can I avail the Senior Citizen discount?"},
    {"name":"What is the mode of Payment?"},
    {"name":"How can I make payment to book e-ticket?"},
    {"name":"How to check refund status?"},
    {"name":"Cancellation and Refund of E- Tickets"},
    {"name":"When I can book a tatkal I-ticket and e-ticket ?"},
    {"name":"Is there any refund in Tatkal bookings?"},
    {"name":"How can I see the train status, PNR status, arrival, deputure, live, route, time, delays etc"},
    {"name":"How do I find out STATION CODE for a given station?"},
    {"name":"How can I use the internet reservation facility to plan my journey?"},
    {"name":"How do I check the route of a train?"},
    {"name":"What are the rules for reservation and cancellation? Screen reader support enabled."},
    {"name":"How do I cancel my ticket if the train has already departed?"},
    {"name":"How can I get in touch with IRCTC?"},
    {"name":"Is refund permissible against lost, misplaced I-tickets?"},
    {"name":"Is original ID card essential to carry on travelling in AC class for I-ticket passenger?"},
    {"name":"Can partial cancellation be done?"},
    {"name":"What if I forget to carry Photo Identity card?"},
    {"name":"What are the rules for cancellation?"},
    {"name":"What are the various Quotas available for season ticket booking through Internet?"},
    {"name":"How do I ge a valid route between different stations?"},
    {"name":"While booking, the amount was debited but ticket not booked. What should I do?"},
    {"name":"How can I see the seat availability?"},
    {"name":"Please share your contact number to call and email for any queies or questions?"},
    {"name":"How to get my money back?"},
    {"name":"Am I required to carry proof of Identity during journey in AC Classes?"},
    {"name":"How can I board train in reserved coach if I am not able to get even waitlisted ticket?"},
    {"name":"How many days in advance can I reserve my ticket?"},
    {"name":"Are there any special facilities provided by Indian Railways for foreign tourists?"},
    {"name":"Can I Extend My Journey Beyond The Original Destination?"},
    {"name":"Can I Upgrade My Ticket to a Higher Class Enroute ?"},
    {"name":"How can I avail Lower Berth Quota Online at IRCTC?"},
    {"name":"I've forgotten login, password of my account and I want to cancel the tickets?"},
    {"name":"I've forgotten login, password of my account and I urgently need to take print out of those tickets?"},
    {"name":"What If My Luggage Gets Stolen En Route?"},
    {"name":"Can I book my tickets on a Credit Card?"},
    {"name":"Can My Confirmed Ticket Be Transferred To Somebody Else?"},
    {"name":"Can I Change the Boarding Station?"},
    {"name":"Can I reuse my mobile number to create another account?"},
    {"name":"Money deducted but ticket not booked, what to do?"},
    {"name":"I'm a Foreigner, how can I book ticket online?"},
    {"name":"What is the minimum age for train ticket?"},
    {"name":"How many tickets can be booked through Irctc?"},
    {"name":"How many Tatkal tickets can be booked through the same IP address at a time?"},
    {"name":"What age do you have to pay for a child on a train?"},
    {"name":"Can I board the train with an RAC?"},
    {"name":"How do I know the reservation status of my ticket?"},
    {"name":"If My Booked Luggage Is Lost Or Damaged, How Much Compensation Will I Get?"},
    {"name":"What If My Luggage Exceeds The Free Allowance?"},
    {"name":"How many passengers can travel in a train?"},
    {"name":"When I have to book premium Tatkal?"},
    {"name":"Is ID proof required when booking?"},
    {"name":"My ticket status is Waitlist,  RAC. How will I know when it is confirmed?"},
    {"name":"What items are prohibited on board a train?"}
   ]