{
  "status": "200",
  "results": {
    "dist": [
      1.1102230246251565e-16,
      0.6827937560192663
    ],
    "Question": [
      [
        "What are the benefits of booking tickets through VRL website ?",
        "Do I need to register to use VRL website ?",
        "None of the above"
      ]
    ],
    "Answer": [
      "Payment Options: <br>Go to<br> <a href='http://www.services.irctc.co.in/payment.html' target='_blank'>http://www.services.irctc.co.in/payment.html</a> <br>to know the list of payment options available along with bank / payment gateway transaction charges",
      "Get yourself registered online by submitting the Registration Form available in this web site with your personal details. <br>Further details are available at the <a href='http://contents.irctc.co.in/en/term.html' target='_blank'>terms and conditions</a> page. <br>To take you step by step and familiarise you with the procedure for booking of tickets please go to:<br> <a href='http://www.services.irctc.co.in/beta_htmls/itktfaq.html' target='_blank'>http://www.services.irctc.co.in/beta_htmls/itktfaq.html</a>"
    ],
    "sessionId": "37cd6b2ec34f8f7962155410a80452ac"
  }
}